{
	"@programName": "ZAP",
	"@version": "2.14.0",
	"@generated": "Sat, 30 Mar 2024 00:27:32",
	"site":[ 
		{
			"@name": "http://localhost:8000",
			"@host": "localhost",
			"@port": "8000",
			"@ssl": "false",
			"alerts": [ 
				{
					"pluginid": "40040",
					"alertRef": "40040",
					"alert": "CORS Header",
					"name": "CORS Header",
					"riskcode": "0",
					"confidence": "3",
					"riskdesc": "Informational (High)",
					"desc": "<p>Cross-Origin Resource Sharing (CORS) is an HTTP-header based mechanism that allows a server to indicate any other origins (domain, scheme, or port) than its own from which a browser should permit loading of resources. It relaxes the Same-Origin Policy (SOP).</p>",
					"instances":[ 
						{
							"uri": "http://localhost:8000",
							"method": "GET",
							"param": "",
							"attack": "origin: http://localhost:8000",
							"evidence": "access-control-allow-origin: http://localhost:8000",
							"otherinfo": ""
						},
						{
							"uri": "http://localhost:8000/",
							"method": "GET",
							"param": "",
							"attack": "origin: http://localhost:8000",
							"evidence": "access-control-allow-origin: http://localhost:8000",
							"otherinfo": ""
						},
						{
							"uri": "http://localhost:8000/robots.txt",
							"method": "GET",
							"param": "",
							"attack": "origin: http://localhost:8000",
							"evidence": "access-control-allow-origin: http://localhost:8000",
							"otherinfo": ""
						},
						{
							"uri": "http://localhost:8000/sitemap.xml",
							"method": "GET",
							"param": "",
							"attack": "origin: http://localhost:8000",
							"evidence": "access-control-allow-origin: http://localhost:8000",
							"otherinfo": ""
						},
						{
							"uri": "http://localhost:8000/soat-order-food",
							"method": "GET",
							"param": "",
							"attack": "origin: http://localhost:8000",
							"evidence": "access-control-allow-origin: http://localhost:8000",
							"otherinfo": ""
						},
						{
							"uri": "http://localhost:8000/soat-order-food/",
							"method": "GET",
							"param": "",
							"attack": "origin: http://localhost:8000",
							"evidence": "access-control-allow-origin: http://localhost:8000",
							"otherinfo": ""
						}
					],
					"count": "6",
					"solution": "<p>If a web resource contains sensitive information, the origin should be properly specified in the Access-Control-Allow-Origin header. Only trusted websites needing this resource should be specified in this header, with the most secured protocol supported.</p>",
					"otherinfo": "",
					"reference": "<p>https://developer.mozilla.org/en-US/docs/Web/HTTP/CORS</p><p>https://portswigger.net/web-security/cors</p>",
					"cweid": "942",
					"wascid": "14",
					"sourceid": "501"
				},
				{
					"pluginid": "90005",
					"alertRef": "90005-3",
					"alert": "Sec-Fetch-Dest Header is Missing",
					"name": "Sec-Fetch-Dest Header is Missing",
					"riskcode": "0",
					"confidence": "3",
					"riskdesc": "Informational (High)",
					"desc": "<p>Specifies how and where the data would be used. For instance, if the value is audio, then the requested resource must be audio data and not any other type of resource.</p>",
					"instances":[ 
						{
							"uri": "http://localhost:8000/",
							"method": "GET",
							"param": "Sec-Fetch-Dest",
							"attack": "",
							"evidence": "",
							"otherinfo": ""
						},
						{
							"uri": "http://localhost:8000/robots.txt",
							"method": "GET",
							"param": "Sec-Fetch-Dest",
							"attack": "",
							"evidence": "",
							"otherinfo": ""
						},
						{
							"uri": "http://localhost:8000/sitemap.xml",
							"method": "GET",
							"param": "Sec-Fetch-Dest",
							"attack": "",
							"evidence": "",
							"otherinfo": ""
						},
						{
							"uri": "http://localhost:8000/soat-order-food/",
							"method": "GET",
							"param": "Sec-Fetch-Dest",
							"attack": "",
							"evidence": "",
							"otherinfo": ""
						}
					],
					"count": "4",
					"solution": "<p>Ensure that Sec-Fetch-Dest header is included in request headers.</p>",
					"otherinfo": "",
					"reference": "<p>https://developer.mozilla.org/en-US/docs/Web/HTTP/Headers/Sec-Fetch-Dest</p>",
					"cweid": "352",
					"wascid": "9",
					"sourceid": "7"
				},
				{
					"pluginid": "90005",
					"alertRef": "90005-2",
					"alert": "Sec-Fetch-Mode Header is Missing",
					"name": "Sec-Fetch-Mode Header is Missing",
					"riskcode": "0",
					"confidence": "3",
					"riskdesc": "Informational (High)",
					"desc": "<p>Allows to differentiate between requests for navigating between HTML pages and requests for loading resources like images, audio etc.</p>",
					"instances":[ 
						{
							"uri": "http://localhost:8000/",
							"method": "GET",
							"param": "Sec-Fetch-Mode",
							"attack": "",
							"evidence": "",
							"otherinfo": ""
						},
						{
							"uri": "http://localhost:8000/robots.txt",
							"method": "GET",
							"param": "Sec-Fetch-Mode",
							"attack": "",
							"evidence": "",
							"otherinfo": ""
						},
						{
							"uri": "http://localhost:8000/sitemap.xml",
							"method": "GET",
							"param": "Sec-Fetch-Mode",
							"attack": "",
							"evidence": "",
							"otherinfo": ""
						},
						{
							"uri": "http://localhost:8000/soat-order-food/",
							"method": "GET",
							"param": "Sec-Fetch-Mode",
							"attack": "",
							"evidence": "",
							"otherinfo": ""
						}
					],
					"count": "4",
					"solution": "<p>Ensure that Sec-Fetch-Mode header is included in request headers.</p>",
					"otherinfo": "",
					"reference": "<p>https://developer.mozilla.org/en-US/docs/Web/HTTP/Headers/Sec-Fetch-Mode</p>",
					"cweid": "352",
					"wascid": "9",
					"sourceid": "7"
				},
				{
					"pluginid": "90005",
					"alertRef": "90005-1",
					"alert": "Sec-Fetch-Site Header is Missing",
					"name": "Sec-Fetch-Site Header is Missing",
					"riskcode": "0",
					"confidence": "3",
					"riskdesc": "Informational (High)",
					"desc": "<p>Specifies the relationship between request initiator's origin and target's origin.</p>",
					"instances":[ 
						{
							"uri": "http://localhost:8000/",
							"method": "GET",
							"param": "Sec-Fetch-Site",
							"attack": "",
							"evidence": "",
							"otherinfo": ""
						},
						{
							"uri": "http://localhost:8000/robots.txt",
							"method": "GET",
							"param": "Sec-Fetch-Site",
							"attack": "",
							"evidence": "",
							"otherinfo": ""
						},
						{
							"uri": "http://localhost:8000/sitemap.xml",
							"method": "GET",
							"param": "Sec-Fetch-Site",
							"attack": "",
							"evidence": "",
							"otherinfo": ""
						},
						{
							"uri": "http://localhost:8000/soat-order-food/",
							"method": "GET",
							"param": "Sec-Fetch-Site",
							"attack": "",
							"evidence": "",
							"otherinfo": ""
						}
					],
					"count": "4",
					"solution": "<p>Ensure that Sec-Fetch-Site header is included in request headers.</p>",
					"otherinfo": "",
					"reference": "<p>https://developer.mozilla.org/en-US/docs/Web/HTTP/Headers/Sec-Fetch-Site</p>",
					"cweid": "352",
					"wascid": "9",
					"sourceid": "7"
				},
				{
					"pluginid": "90005",
					"alertRef": "90005-4",
					"alert": "Sec-Fetch-User Header is Missing",
					"name": "Sec-Fetch-User Header is Missing",
					"riskcode": "0",
					"confidence": "3",
					"riskdesc": "Informational (High)",
					"desc": "<p>Specifies if a navigation request was initiated by a user.</p>",
					"instances":[ 
						{
							"uri": "http://localhost:8000/",
							"method": "GET",
							"param": "Sec-Fetch-User",
							"attack": "",
							"evidence": "",
							"otherinfo": ""
						},
						{
							"uri": "http://localhost:8000/robots.txt",
							"method": "GET",
							"param": "Sec-Fetch-User",
							"attack": "",
							"evidence": "",
							"otherinfo": ""
						},
						{
							"uri": "http://localhost:8000/sitemap.xml",
							"method": "GET",
							"param": "Sec-Fetch-User",
							"attack": "",
							"evidence": "",
							"otherinfo": ""
						},
						{
							"uri": "http://localhost:8000/soat-order-food/",
							"method": "GET",
							"param": "Sec-Fetch-User",
							"attack": "",
							"evidence": "",
							"otherinfo": ""
						}
					],
					"count": "4",
					"solution": "<p>Ensure that Sec-Fetch-User header is included in user initiated requests.</p>",
					"otherinfo": "",
					"reference": "<p>https://developer.mozilla.org/en-US/docs/Web/HTTP/Headers/Sec-Fetch-User</p>",
					"cweid": "352",
					"wascid": "9",
					"sourceid": "7"
				},
				{
					"pluginid": "10049",
					"alertRef": "10049",
					"alert": "Storable and Cacheable Content",
					"name": "Storable and Cacheable Content",
					"riskcode": "0",
					"confidence": "2",
					"riskdesc": "Informational (Medium)",
					"desc": "<p>The response contents are storable by caching components such as proxy servers, and may be retrieved directly from the cache, rather than from the origin server by the caching servers, in response to similar requests from other users.  If the response data is sensitive, personal or user-specific, this may result in sensitive information being leaked. In some cases, this may even result in a user gaining complete control of the session of another user, depending on the configuration of the caching components in use in their environment. This is primarily an issue where \"shared\" caching servers such as \"proxy\" caches are configured on the local network. This configuration is typically found in corporate or educational environments, for instance.</p>",
					"instances":[ 
						{
							"uri": "http://localhost:8000/",
							"method": "GET",
							"param": "",
							"attack": "",
							"evidence": "",
							"otherinfo": "In the absence of an explicitly specified caching lifetime directive in the response, a liberal lifetime heuristic of 1 year was assumed. This is permitted by rfc7234."
						},
						{
							"uri": "http://localhost:8000/robots.txt",
							"method": "GET",
							"param": "",
							"attack": "",
							"evidence": "",
							"otherinfo": "In the absence of an explicitly specified caching lifetime directive in the response, a liberal lifetime heuristic of 1 year was assumed. This is permitted by rfc7234."
						},
						{
							"uri": "http://localhost:8000/sitemap.xml",
							"method": "GET",
							"param": "",
							"attack": "",
							"evidence": "",
							"otherinfo": "In the absence of an explicitly specified caching lifetime directive in the response, a liberal lifetime heuristic of 1 year was assumed. This is permitted by rfc7234."
						},
						{
							"uri": "http://localhost:8000/soat-order-food/",
							"method": "GET",
							"param": "",
							"attack": "",
							"evidence": "",
							"otherinfo": "In the absence of an explicitly specified caching lifetime directive in the response, a liberal lifetime heuristic of 1 year was assumed. This is permitted by rfc7234."
						}
					],
					"count": "4",
					"solution": "<p>Validate that the response does not contain sensitive, personal or user-specific information.  If it does, consider the use of the following HTTP response headers, to limit, or prevent the content being stored and retrieved from the cache by another user:</p><p>Cache-Control: no-cache, no-store, must-revalidate, private</p><p>Pragma: no-cache</p><p>Expires: 0</p><p>This configuration directs both HTTP 1.0 and HTTP 1.1 compliant caching servers to not store the response, and to not retrieve the response (without validation) from the cache, in response to a similar request. </p>",
					"otherinfo": "<p>In the absence of an explicitly specified caching lifetime directive in the response, a liberal lifetime heuristic of 1 year was assumed. This is permitted by rfc7234.</p>",
					"reference": "<p>https://datatracker.ietf.org/doc/html/rfc7234</p><p>https://datatracker.ietf.org/doc/html/rfc7231</p><p>https://www.w3.org/Protocols/rfc2616/rfc2616-sec13.html</p>",
					"cweid": "524",
					"wascid": "13",
					"sourceid": "7"
				}
			]
		}
	]
}
